id,question,options,correct_answer,explanation
1,What is the primary goal of computer vision?,"{'A': 'To create artificial intelligence systems', 'B': 'To extract information from images', 'C': 'To analyze and understand digital images', 'D': 'To develop machine learning models'}",C,"Computer vision aims to understand and extract information from digital images, which involves processing, analyzing, and transforming visual data into meaningful information."
2,What is the scientific discipline concerned with the theory behind artificial systems that extract information from images?,"{'A': 'Artificial Intelligence', 'B': 'Computer Vision', 'C': 'Image Processing', 'D': 'Machine Learning'}",B,Computer vision is the scientific discipline that focuses on the theory behind artificial systems that extract information from images.
3,What forms can image data take?,"{'A': 'Only 2D images', 'B': 'Only 3D point clouds', 'C': 'Video sequences, views from multiple cameras, and multi-dimensional data from a 3D scanner', 'D': 'Only medical scanning devices'}",C,"Image data can take various forms, including video sequences, views from multiple cameras, and multi-dimensional data from a 3D scanner, among others."
4,What is the term for the process of transforming visual images into descriptions of the world that make sense to thought processes?,"{'A': 'Image Understanding', 'B': 'Scene Reconstruction', 'C': 'Object Detection', 'D': 'Activity Recognition'}",A,Image understanding refers to the process of transforming visual images into descriptions of the world that make sense to thought processes.
5,What is the technological discipline of computer vision concerned with?,"{'A': 'Theoretical aspects of computer vision', 'B': 'Applying computer vision theories and models to the construction of computer vision systems', 'C': 'Developing machine learning models', 'D': 'Analyzing and understanding digital images'}",B,The technological discipline of computer vision is concerned with applying computer vision theories and models to the construction of computer vision systems.
6,What is scene reconstruction in the context of computer vision?,"{'A': 'The process of detecting objects in an image', 'B': 'The process of reconstructing a 3D scene from 2D images', 'C': 'The process of recognizing activities in a video sequence', 'D': 'The process of estimating 3D poses of objects'}",B,Scene reconstruction refers to the process of reconstructing a 3D scene from 2D images.
7,What is object recognition in the context of computer vision?,"{'A': 'The process of detecting events in a video sequence', 'B': 'The process of recognizing objects in an image', 'C': 'The process of estimating 3D poses of objects', 'D': 'The process of reconstructing a 3D scene from 2D images'}",B,Object recognition refers to the process of recognizing objects in an image.
8,What is visual servoing in the context of computer vision?,"{'A': 'The process of estimating 3D poses of objects', 'B': 'The process of recognizing activities in a video sequence', 'C': ""The process of controlling a robot's motion using visual feedback"", 'D': 'The process of reconstructing a 3D scene from 2D images'}",C,Visual servoing refers to the process of controlling a robot's motion using visual feedback.
9,What is 3D pose estimation in the context of computer vision?,"{'A': 'The process of recognizing objects in an image', 'B': 'The process of estimating the 3D position and orientation of an object', 'C': 'The process of reconstructing a 3D scene from 2D images', 'D': 'The process of detecting events in a video sequence'}",B,3D pose estimation refers to the process of estimating the 3D position and orientation of an object.
10,What is image restoration in the context of computer vision?,"{'A': 'The process of reconstructing a 3D scene from 2D images', 'B': 'The process of recognizing objects in an image', 'C': 'The process of restoring degraded or corrupted images', 'D': 'The process of detecting events in a video sequence'}",C,Image restoration refers to the process of restoring degraded or corrupted images.
11,"What is the term for the disentangling of symbolic information from image data using models constructed with the aid of geometry, physics, statistics, and learning theory?","{'A': 'Image Understanding', 'B': 'Scene Reconstruction', 'C': 'Object Detection', 'D': 'Activity Recognition'}",A,"Image understanding refers to the process of disentangling symbolic information from image data using models constructed with the aid of geometry, physics, statistics, and learning theory."
